Nama Tema,Link Preview
Asian-Gold,https://indoinvite.com/s/1952/undangan/159?kpd=Bapak%20Budi
Asian-Gold-C,https://indoinvite.com/s/1952/undangan/339?kpd=Bapak%20Budi
Asian-Green,https://indoinvite.com/s/1952/undangan/162?kpd=Bapak%20Budi
Bali-Simple,https://indoinvite.com/s/1952/undangan/176?kpd=Bapak%20Budi
Bali-Sweet,https://indoinvite.com/s/1952/undangan/177?kpd=Bapak%20Budi
Bee-Floral,https://indoinvite.com/s/1952/undangan/108?kpd=Bapak%20Budi
Bee-Floral-C,https://indoinvite.com/s/1952/undangan/307?kpd=Bapak%20Budi
Blue-Flowers,https://indoinvite.com/s/1952/undangan/114?kpd=Bapak%20Budi
Blue-Flowers-C,https://indoinvite.com/s/1952/undangan/184?kpd=Bapak%20Budi
Blue-Java,https://indoinvite.com/s/1952/undangan/129?kpd=Bapak%20Budi
Brown-Flowers,https://indoinvite.com/s/1952/undangan/67?kpd=Bapak%20Budi
Brown-Flowers-C,https://indoinvite.com/s/1952/undangan/349?kpd=Bapak%20Budi
Customs-Anime,https://indoinvite.com/s/1952/undangan/98?kpd=Bapak%20Budi
Customs-Anime-C,https://indoinvite.com/s/1952/undangan/301?kpd=Bapak%20Budi
Customs-Batak,https://indoinvite.com/s/1952/undangan/141?kpd=Bapak%20Budi
Customs-Ikon,https://indoinvite.com/s/1952/undangan/103?kpd=Bapak%20Budi
Customs-Ikon-C,https://indoinvite.com/s/1952/undangan/305?kpd=Bapak%20Budi
Customs-Jambi,https://indoinvite.com/s/1952/undangan/160?kpd=Bapak%20Budi
Customs-Jambi-C,https://indoinvite.com/s/1952/undangan/340?kpd=Bapak%20Budi
Customs-Newspaper,https://indoinvite.com/s/1952/undangan/95?kpd=Bapak%20Budi
Customs-Newspaper-C,https://indoinvite.com/s/1952/undangan/298?kpd=Bapak%20Budi
Elegan-Acorn,https://indoinvite.com/s/1952/undangan/97?kpd=Bapak%20Budi
Elegan-Acorn-C,https://indoinvite.com/s/1952/undangan/190?kpd=Bapak%20Budi
Elegan-Black,https://indoinvite.com/s/1952/undangan/66?kpd=Bapak%20Budi
Elegan-Black-C,https://indoinvite.com/s/1952/undangan/348?kpd=Bapak%20Budi
Elegan-Chorus,https://indoinvite.com/s/1952/undangan/86?kpd=Bapak%20Budi
Elegan-Chorus-C,https://indoinvite.com/s/1952/undangan/292?kpd=Bapak%20Budi
Elegan-Gold,https://indoinvite.com/s/1952/undangan/91?kpd=Bapak%20Budi
Elegan-White,https://indoinvite.com/s/1952/undangan/90?kpd=Bapak%20Budi
Elegan-White-C,https://indoinvite.com/s/1952/undangan/290?kpd=Bapak%20Budi
Happy-Ceremony,https://indoinvite.com/s/1952/undangan/117?kpd=Bapak%20Budi
Happy-Ceremony-C,https://indoinvite.com/s/1952/undangan/314?kpd=Bapak%20Budi
Happy-Traveling,https://indoinvite.com/s/1952/undangan/130?kpd=Bapak%20Budi
Happy-Traveling-C,https://indoinvite.com/s/1952/undangan/323?kpd=Bapak%20Budi
Jujutsu-Fish,https://indoinvite.com/s/1952/undangan/167?kpd=Bapak%20Budi
Jujutsu-Fish-C,https://indoinvite.com/s/1952/undangan/341?kpd=Bapak%20Budi
Luxury-Burgundy-C,https://indoinvite.com/s/1952/undangan/166?kpd=Bapak%20Budi
Luxury-Chocolate,https://indoinvite.com/s/1952/undangan/106?kpd=Bapak%20Budi
Luxury-Chocolate-C,https://indoinvite.com/s/1952/undangan/186?kpd=Bapak%20Budi
Luxury-Chorus,https://indoinvite.com/s/1952/undangan/147?kpd=Bapak%20Budi
Luxury-Chorus-C,https://indoinvite.com/s/1952/undangan/336?kpd=Bapak%20Budi
Luxury-Cream,https://indoinvite.com/s/1952/undangan/107?kpd=Bapak%20Budi
Luxury-Gold,https://indoinvite.com/s/1952/undangan/158?kpd=Bapak%20Budi
Luxury-Gold-C,https://indoinvite.com/s/1952/undangan/185?kpd=Bapak%20Budi
Luxury-Pansy,https://indoinvite.com/s/1952/undangan/119?kpd=Bapak%20Budi
Luxury-burgundy,https://indoinvite.com/s/1952/undangan/113?kpd=Bapak%20Budi
Minimalis-Blue,https://indoinvite.com/s/1952/undangan/148?kpd=Bapak%20Budi
Minimalis-Steel,https://indoinvite.com/s/1952/undangan/149?kpd=Bapak%20Budi
Minimalist-BasketBall,https://indoinvite.com/s/1952/undangan/169?kpd=Bapak%20Budi
Minimalist-Blue-C,https://indoinvite.com/s/1952/undangan/337?kpd=Bapak%20Budi
Minimalist-Cream,https://indoinvite.com/s/1952/undangan/142?kpd=Bapak%20Budi
Minimalist-Cream-C,https://indoinvite.com/s/1952/undangan/333?kpd=Bapak%20Budi
Minimalist-Fish,https://indoinvite.com/s/1952/undangan/168?kpd=Bapak%20Budi
Minimalist-One,https://indoinvite.com/s/1952/undangan/163?kpd=Bapak%20Budi
Minimalist-Steel-C,https://indoinvite.com/s/1952/undangan/338?kpd=Bapak%20Budi
Minimalist-Two,https://indoinvite.com/s/1952/undangan/164?kpd=Bapak%20Budi
Minimalist-White,https://indoinvite.com/s/1952/undangan/138?kpd=Bapak%20Budi
Minimalist-White-C,https://indoinvite.com/s/1952/undangan/331?kpd=Bapak%20Budi
New,https://indoinvite.com/s/1952/undangan/2?kpd=Bapak%20Budi
Orchid-Flower,https://indoinvite.com/s/1952/undangan/135?kpd=Bapak%20Budi
Orchid-Flower-C,https://indoinvite.com/s/1952/undangan/328?kpd=Bapak%20Budi
Pandora-Cat,https://indoinvite.com/s/1952/undangan/145?kpd=Bapak%20Budi
Pandora-Cat-C,https://indoinvite.com/s/1952/undangan/334?kpd=Bapak%20Budi
Pandora-Classic,https://indoinvite.com/s/1952/undangan/134?kpd=Bapak%20Budi
Pandora-Classic-C,https://indoinvite.com/s/1952/undangan/327?kpd=Bapak%20Budi
Pandora-Flowers,https://indoinvite.com/s/1952/undangan/124?kpd=Bapak%20Budi
Pandora-Flowers-C,https://indoinvite.com/s/1952/undangan/319?kpd=Bapak%20Budi
Pandora-Forest,https://indoinvite.com/s/1952/undangan/136?kpd=Bapak%20Budi
Pandora-Forest-C,https://indoinvite.com/s/1952/undangan/329?kpd=Bapak%20Budi
Pandora-Party,https://indoinvite.com/s/1952/undangan/121?kpd=Bapak%20Budi
Pandora-Party-C,https://indoinvite.com/s/1952/undangan/318?kpd=Bapak%20Budi
Rustic-Flowers,https://indoinvite.com/s/1952/undangan/137?kpd=Bapak%20Budi
Rustic-Flowers-C,https://indoinvite.com/s/1952/undangan/330?kpd=Bapak%20Budi
Signature-Purple,https://indoinvite.com/s/1952/undangan/157?kpd=Bapak%20Budi
Signature-Purple-C,https://indoinvite.com/s/1952/undangan/355?kpd=Bapak%20Budi
Slide-Chinese,https://indoinvite.com/s/1952/undangan/152?kpd=Bapak%20Budi
Slide-Dream,https://indoinvite.com/s/1952/undangan/151?kpd=Bapak%20Budi
Slide-Floral,https://indoinvite.com/s/1952/undangan/154?kpd=Bapak%20Budi
Slide-Gojo,https://indoinvite.com/s/1952/undangan/156?kpd=Bapak%20Budi
Slide-Oleander,https://indoinvite.com/s/1952/undangan/155?kpd=Bapak%20Budi
Slide-World,https://indoinvite.com/s/1952/undangan/165?kpd=Bapak%20Budi
Super-Blue,https://indoinvite.com/s/1952/undangan/173?kpd=Bapak%20Budi
Super-Classic,https://indoinvite.com/s/1952/undangan/161?kpd=Bapak%20Budi
Super-Gold,https://indoinvite.com/s/1952/undangan/171?kpd=Bapak%20Budi
Super-Tea,https://indoinvite.com/s/1952/undangan/172?kpd=Bapak%20Budi
White-Arabic,https://indoinvite.com/s/1952/undangan/144?kpd=Bapak%20Budi
White-Arabic-C,https://indoinvite.com/s/1952/undangan/175?kpd=Bapak%20Budi
